count,ip_address,lat,long
447,90.84.47.74,48.8534,2.3488
73,92.255.85.135,55.7522,37.6156
71,84.196.87.27,51.2199,4.4035
71,211.36.141.50,37.5660,126.9784
71,203.228.4.111,36.1136,128.3360
71,113.67.127.58,23.1167,113.2500
53,92.255.85.237,22.3302,114.1595
28,103.136.177.5,11.5625,104.9160
20,72.167.41.167,33.4484,-112.0740
17,38.117.70.99,43.7001,-79.4163
15,92.241.195.146,55.6759,12.5655
13,60.8.87.190,39.1422,117.1767
7,61.177.173.35,39.9075,116.3972
5,61.177.173.51,39.9075,116.3972
5,61.177.173.47,39.9075,116.3972
5,61.177.173.46,39.9075,116.3972
5,47.254.174.96,50.1025,8.6299
4,61.177.173.49,39.9075,116.3972
4,61.177.173.39,39.9075,116.3972
4,61.177.172.124,31.5689,120.2886
4,115.94.79.59,37.5660,126.9784
3,65.255.182.223,53.0168,-112.8353
3,61.177.173.48,39.9075,116.3972
3,61.177.172.108,31.5689,120.2886
3,43.156.49.151,1.2897,103.8501
3,43.156.121.225,1.2897,103.8501
3,180.76.139.221,39.9075,116.3972
3,177.206.86.197,-19.9208,-43.9378
3,154.92.111.51,22.2783,114.1747
3,134.17.16.43,53.9000,27.5667
3,124.158.5.133,10.9804,106.6519
3,109.115.187.31,45.4643,9.1895
2,93.170.219.102,48.7231,37.5563
2,92.50.249.166,55.7522,37.6156
2,91.98.96.50,30.4408,48.1843
2,85.191.199.59,57.0480,9.9187
2,79.175.100.122,44.8040,20.4651
2,77.89.235.50,47.7631,27.9293
2,76.71.185.216,45.7424,-73.6509
2,74.129.204.40,38.2306,-85.7905
2,68.183.177.66,1.3215,103.6957
2,66.249.155.244,17.9970,-76.7936
2,63.209.72.30,34.0522,-118.2437
2,61.194.35.119,35.6895,139.6917
2,61.177.173.52,39.9075,116.3972
2,61.177.172.114,31.5689,120.2886
2,54.36.19.17,49.2461,7.0022
2,52.163.248.162,1.2897,103.8501
2,51.83.132.19,52.2284,21.0522
2,49.248.153.6,19.0728,72.8826
2,46.8.210.6,55.7522,37.6156
2,46.41.139.30,52.2298,21.0118
2,46.238.95.238,52.4069,16.9299
2,45.172.204.92,-19.9208,-43.9378
2,43.156.134.79,1.2897,103.8501
2,43.156.125.241,1.2897,103.8501
2,43.155.66.156,22.2783,114.1747
2,43.154.90.33,22.2783,114.1747
2,43.154.68.207,22.2783,114.1747
2,43.154.6.223,22.2783,114.1747
2,43.154.56.41,22.2783,114.1747
2,43.154.239.120,22.2783,114.1747
2,43.154.223.21,22.2783,114.1747
2,43.154.193.101,22.2783,114.1747
2,43.153.56.10,37.3179,-121.9349
2,43.132.156.211,22.2783,114.1747
2,43.131.34.7,50.1155,8.6842
2,43.129.253.23,22.2783,114.1747
2,37.139.15.214,52.3740,4.8897
2,35.246.83.56,51.5085,-0.1257
2,34.151.215.28,-23.5475,-46.6361
2,223.68.4.237,32.2109,119.4551
2,222.85.207.82,26.5833,106.7167
2,221.122.119.50,39.9075,116.3972
2,220.88.1.208,37.3260,126.7697
2,218.92.0.221,32.0617,118.7778
2,205.185.113.140,36.1750,-115.1372
2,204.44.70.38,34.0443,-118.2509
2,203.251.80.116,35.9925,128.3979
2,202.29.13.51,13.7800,100.5427
2,201.163.180.183,19.7212,-99.2239
2,200.73.128.183,-28.4696,-65.7852
2,20.123.235.249,52.3740,4.8897
2,2.237.58.14,38.1320,13.3356
2,193.123.112.52,-23.0297,-46.9753
2,190.156.231.245,3.4372,-76.5225
2,190.151.179.64,13.6893,-89.1872
2,190.107.17.253,1.5515,-77.1195
2,186.67.77.26,-20.2133,-70.1503
2,186.147.160.189,3.4372,-76.5225
2,183.162.79.39,31.8639,117.2808
2,180.76.101.144,39.9075,116.3972
2,180.64.115.229,37.5660,126.9784
2,178.22.168.220,51.1801,71.4460
2,178.128.234.43,43.7001,-79.4163
2,178.128.23.114,1.3215,103.6957
2,178.128.208.94,1.3215,103.6957
2,177.220.161.250,-25.4447,-49.1925
2,176.79.211.68,41.6932,-8.8329
2,175.107.63.3,34.0080,71.5785
2,168.232.197.26,-19.9208,-43.9378
2,164.92.188.238,50.1025,8.6299
2,161.97.93.180,51.1658,10.4216
2,161.97.164.21,51.2217,6.7762
2,159.65.143.78,1.3215,103.6957
2,159.65.127.239,50.1025,8.6299
2,157.230.228.27,40.8043,-74.0121
2,144.217.4.123,45.5088,-73.5878
2,14.99.68.92,12.8924,80.0808
2,139.59.46.243,13.2257,77.5750
2,139.59.10.251,13.2257,77.5750
2,137.184.103.103,40.8043,-74.0121
2,136.243.214.125,50.1155,8.6842
2,134.209.179.100,51.5085,-0.1257
2,125.141.56.237,37.5660,126.9784
2,124.158.174.171,-6.3428,106.7383
2,123.31.12.113,21.0245,105.8412
2,121.4.71.96,39.9075,116.3972
2,117.50.179.250,39.9075,116.3972
2,115.68.220.77,37.5660,126.9784
2,112.216.176.106,37.5660,126.9784
2,112.196.222.30,37.5660,126.9784
2,111.93.200.50,12.9719,77.5937
2,106.13.74.61,39.9075,116.3972
2,104.199.214.16,25.0478,121.5319
2,103.240.110.130,1.2835,103.8469
2,103.233.2.182,5.3956,100.3111
2,103.226.138.149,-6.2146,106.8451
2,103.172.204.172,-7.2024,107.8878
2,103.140.18.90,16.9604,82.2381
1,98.142.141.184,34.0559,-118.2666
1,96.56.221.138,40.9070,-74.1529
1,95.85.76.163,41.0065,28.8397
1,95.85.15.86,52.3740,4.8897
1,95.84.240.168,55.7858,37.6256
1,95.79.31.128,56.3287,44.0020
1,95.71.74.92,50.6107,36.5802
1,95.254.146.133,45.0705,7.6868
1,95.210.3.12,51.5115,-0.0912
1,94.250.202.118,51.2217,6.7762
1,94.182.54.94,35.6944,51.4215
1,93.43.240.145,45.0705,7.6868
1,93.149.180.144,43.5942,13.5034
1,93.108.242.140,38.7167,-9.1333
1,93.104.213.25,48.1374,11.5755
1,92.36.181.53,43.8486,18.3564
1,92.205.19.152,48.5839,7.7455
1,91.90.36.174,54.9924,73.3686
1,91.138.228.31,37.9838,23.7278
1,89.248.207.106,59.9386,30.3141
1,89.218.94.98,51.1801,71.4460
1,89.163.144.129,51.2217,6.7762
1,88.208.213.150,51.4552,-2.5966
1,88.114.5.249,61.4991,23.7871
1,87.245.17.229,52.0692,8.7598
1,87.219.167.59,40.4165,-3.7026
1,87.188.115.197,48.5693,13.4122
1,87.121.112.61,42.6975,23.3241
1,85.29.135.21,51.1801,71.4460
1,85.15.65.204,48.4827,135.0838
1,85.15.65.203,48.4827,135.0838
1,84.252.143.78,55.7522,37.6156
1,84.154.28.57,54.0893,9.9779
1,84.13.107.111,53.0042,-2.1854
1,84.0.77.235,47.9554,21.7167
1,83.240.145.29,38.7167,-9.1333
1,83.16.192.82,54.3523,18.6491
1,83.12.45.202,53.4289,14.5530
1,83.118.32.2,13.8607,100.5148
1,82.64.243.193,48.8534,2.3488
1,82.208.93.53,56.3287,44.0020
1,82.196.5.251,52.3740,4.8897
1,82.165.250.213,50.1155,8.6842
1,81.70.224.74,39.9075,116.3972
1,81.68.215.204,32.0617,118.7778
1,81.45.44.185,42.1043,1.8463
1,81.2.236.157,50.0880,14.4208
1,81.192.87.130,34.0331,-5.0003
1,80.120.107.78,47.4143,9.7419
1,8.216.51.207,35.6895,139.6917
1,79.129.29.237,37.9838,23.7278
1,79.127.36.98,35.6944,51.4215
1,78.14.26.188,45.6667,12.2416
1,77.37.248.144,55.7520,37.6150
1,75.119.150.39,51.2217,6.7762
1,73.232.46.104,29.7633,-95.3633
1,72.240.125.133,41.3748,-83.6513
1,72.167.226.188,39.0437,-77.4875
1,72.167.224.135,39.0437,-77.4875
1,72.143.15.82,42.8856,-80.1122
1,71.84.234.194,34.1478,-118.1445
1,71.25.118.117,39.9524,-75.1636
1,69.55.54.65,40.8043,-74.0121
1,69.25.57.28,37.5297,-122.0402
1,69.194.8.237,34.0559,-118.2666
1,68.183.88.186,13.2257,77.5750
1,68.183.46.135,51.5085,-0.1257
1,68.183.42.17,51.5085,-0.1257
1,68.183.170.149,37.3483,-121.9844
1,68.183.136.217,40.8043,-74.0121
1,66.70.218.27,45.5088,-73.5878
1,66.29.157.118,33.4484,-112.0740
1,66.110.114.178,-8.8368,13.2343
1,65.49.210.99,34.0443,-118.2509
1,64.227.185.110,13.2257,77.5750
1,64.227.183.184,13.2257,77.5750
1,64.227.167.192,13.2257,77.5750
1,64.227.140.119,13.2257,77.5750
1,64.227.105.120,37.3924,-121.9623
1,64.225.17.240,40.8344,-74.1377
1,64.225.118.36,37.3483,-121.9844
1,62.97.47.195,45.5356,10.2147
1,62.210.119.216,48.8534,2.3488
1,61.93.186.125,22.2783,114.1747
1,61.51.111.187,39.9075,116.3972
1,61.184.133.118,31.3041,120.5954
1,61.177.173.50,39.9075,116.3972
1,61.177.173.36,39.9075,116.3972
1,61.177.172.19,31.5689,120.2886
1,61.148.90.118,39.9075,116.3972
1,60.30.98.194,39.1422,117.1767
1,59.80.55.79,39.9075,116.3972
1,59.63.205.47,31.3041,120.5954
1,59.56.97.229,26.0771,119.2915
1,59.53.63.126,28.6840,115.8531
1,59.19.54.171,34.8825,128.6267
1,59.162.182.20,22.5626,88.3630
1,59.15.81.46,37.5660,126.9784
1,58.64.162.52,22.2783,114.1747
1,58.56.203.174,36.0649,120.3804
1,58.48.170.182,30.5833,114.2667
1,58.33.97.119,31.2222,121.4581
1,58.246.251.27,31.2222,121.4581
1,58.186.85.94,10.8230,106.6296
1,54.39.68.11,45.5088,-73.5878
1,52.184.91.79,22.2783,114.1747
1,52.173.86.248,41.5878,-93.6274
1,52.172.5.99,13.0878,80.2785
1,52.172.225.170,18.5196,73.8554
1,52.172.179.97,18.5196,73.8554
1,52.151.24.212,47.2343,-119.8525
1,52.142.11.171,37.3058,-78.5462
1,51.81.85.129,38.9896,-77.1538
1,51.79.146.239,1.2897,103.8501
1,51.77.193.41,48.5839,7.7455
1,51.77.147.5,48.5839,7.7455
1,51.75.28.134,50.6942,3.1746
1,51.75.203.191,50.6942,3.1746
1,51.68.94.192,48.5839,7.7455
1,51.254.101.166,48.5839,7.7455
1,51.250.6.65,55.7522,37.6156
1,51.210.182.85,50.9519,1.8563
1,50.225.176.238,42.7884,-71.2009
1,50.214.100.27,39.8682,-86.2123
1,50.192.223.205,37.6567,-121.4955
1,5.255.103.60,52.3740,4.8897
1,5.200.92.116,30.2019,53.1800
1,5.185.254.92,52.2298,21.0118
1,49.249.27.90,12.9719,77.5937
1,49.247.148.236,37.5660,126.9784
1,49.234.30.113,22.5455,114.0683
1,49.212.182.253,34.6937,135.5022
1,49.205.177.59,28.6453,77.2128
1,49.12.191.34,49.5910,11.0078
1,47.51.71.110,41.4140,-73.3034
1,46.98.3.101,48.4666,35.0407
1,46.61.235.188,55.0415,82.9346
1,46.247.247.106,48.8534,2.3488
1,46.101.97.5,50.1025,8.6299
1,46.101.9.233,51.5085,-0.1257
1,46.101.29.76,51.5085,-0.1257
1,46.101.231.66,50.1025,8.6299
1,46.101.225.227,50.1025,8.6299
1,46.101.224.184,50.1025,8.6299
1,46.101.19.72,51.5085,-0.1257
1,45.88.221.104,34.0522,-118.2437
1,45.88.12.36,22.2783,114.1747
1,45.88.109.175,50.1155,8.6842
1,45.79.150.124,40.8223,-74.4569
1,45.70.179.22,-3.7172,-38.5431
1,45.235.0.30,-8.1128,-35.0147
1,45.232.75.253,-23.3103,-51.1628
1,45.232.73.83,-23.3103,-51.1628
1,45.195.9.183,22.2783,114.1747
1,45.190.20.196,-3.3684,-64.7205
1,45.148.120.236,52.3740,4.8897
1,45.120.69.196,37.5660,126.9784
1,45.119.81.236,10.8230,106.6296
1,45.112.242.138,22.6126,88.3701
1,44.193.47.127,39.0437,-77.4875
1,43.245.86.218,27.7017,85.3206
1,43.230.165.248,22.2783,114.1747
1,43.225.111.37,1.4655,103.7578
1,43.156.78.159,1.2897,103.8501
1,43.156.66.195,1.2897,103.8501
1,43.156.241.174,1.2897,103.8501
1,43.156.19.96,1.2897,103.8501
1,43.156.127.35,1.2897,103.8501
1,43.156.126.240,1.2897,103.8501
1,43.156.125.8,1.2897,103.8501
1,43.156.125.51,1.2897,103.8501
1,43.156.125.247,1.2897,103.8501
1,43.156.125.191,1.2897,103.8501
1,43.156.125.183,1.2897,103.8501
1,43.156.125.149,1.2897,103.8501
1,43.156.125.130,1.2897,103.8501
1,43.156.125.117,1.2897,103.8501
1,43.156.124.85,1.2897,103.8501
1,43.156.124.62,1.2897,103.8501
1,43.156.124.46,1.2897,103.8501
1,43.156.124.45,1.2897,103.8501
1,43.156.124.37,1.2897,103.8501
1,43.156.124.23,1.2897,103.8501
1,43.156.124.211,1.2897,103.8501
1,43.156.124.189,1.2897,103.8501
1,43.156.124.186,1.2897,103.8501
1,43.156.124.173,1.2897,103.8501
1,43.156.124.150,1.2897,103.8501
1,43.156.123.81,1.2897,103.8501
1,43.156.123.24,1.2897,103.8501
1,43.156.123.216,1.2897,103.8501
1,43.156.122.98,1.2897,103.8501
1,43.156.122.185,1.2897,103.8501
1,43.156.122.124,1.2897,103.8501
1,43.156.121.8,1.2897,103.8501
1,43.156.121.223,1.2897,103.8501
1,43.156.121.164,1.2897,103.8501
1,43.156.120.46,1.2897,103.8501
1,43.156.120.210,1.2897,103.8501
1,43.156.119.27,1.2897,103.8501
1,43.156.113.66,1.2897,103.8501
1,43.156.113.138,1.2897,103.8501
1,43.155.98.179,22.2783,114.1747
1,43.155.88.101,22.2783,114.1747
1,43.155.87.223,22.2783,114.1747
1,43.155.87.146,22.2783,114.1747
1,43.155.83.57,22.2783,114.1747
1,43.155.82.160,22.2783,114.1747
1,43.155.82.156,22.2783,114.1747
1,43.155.73.219,22.2783,114.1747
1,43.155.69.241,22.2783,114.1747
1,43.155.64.196,22.2783,114.1747
1,43.155.64.137,22.2783,114.1747
1,43.155.117.157,22.2783,114.1747
1,43.155.116.184,22.2783,114.1747
1,43.155.111.10,22.2783,114.1747
1,43.155.109.40,22.2783,114.1747
1,43.155.109.216,22.2783,114.1747
1,43.155.106.121,22.2783,114.1747
1,43.155.102.133,22.2783,114.1747
1,43.154.97.6,22.2783,114.1747
1,43.154.91.20,22.2783,114.1747
1,43.154.89.182,22.2783,114.1747
1,43.154.89.157,22.2783,114.1747
1,43.154.89.153,22.2783,114.1747
1,43.154.87.179,22.2783,114.1747
1,43.154.85.136,22.2783,114.1747
1,43.154.84.76,22.2783,114.1747
1,43.154.82.37,22.2783,114.1747
1,43.154.82.193,22.2783,114.1747
1,43.154.82.116,22.2783,114.1747
1,43.154.81.195,22.2783,114.1747
1,43.154.81.17,22.2783,114.1747
1,43.154.80.218,22.2783,114.1747
1,43.154.80.190,22.2783,114.1747
1,43.154.8.94,22.2783,114.1747
1,43.154.79.201,22.2783,114.1747
1,43.154.70.95,22.2783,114.1747
1,43.154.70.212,22.2783,114.1747
1,43.154.69.191,22.2783,114.1747
1,43.154.65.70,22.2783,114.1747
1,43.154.64.250,22.2783,114.1747
1,43.154.61.143,22.2783,114.1747
1,43.154.60.161,22.2783,114.1747
1,43.154.59.92,22.2783,114.1747
1,43.154.57.106,22.2783,114.1747
1,43.154.56.43,22.2783,114.1747
1,43.154.55.61,22.2783,114.1747
1,43.154.55.58,22.2783,114.1747
1,43.154.52.217,22.2783,114.1747
1,43.154.52.131,22.2783,114.1747
1,43.154.51.231,22.2783,114.1747
1,43.154.51.21,22.2783,114.1747
1,43.154.50.6,22.2783,114.1747
1,43.154.50.250,22.2783,114.1747
1,43.154.5.129,22.2783,114.1747
1,43.154.46.189,22.2783,114.1747
1,43.154.42.83,22.2783,114.1747
1,43.154.42.151,22.2783,114.1747
1,43.154.40.25,22.2783,114.1747
1,43.154.38.204,22.2783,114.1747
1,43.154.36.47,22.2783,114.1747
1,43.154.33.23,22.2783,114.1747
1,43.154.25.182,22.2783,114.1747
1,43.154.249.140,22.2783,114.1747
1,43.154.249.125,22.2783,114.1747
1,43.154.238.70,22.2783,114.1747
1,43.154.237.176,22.2783,114.1747
1,43.154.235.29,22.2783,114.1747
1,43.154.235.235,22.2783,114.1747
1,43.154.233.30,22.2783,114.1747
1,43.154.208.135,22.2783,114.1747
1,43.154.205.192,22.2783,114.1747
1,43.154.205.125,22.2783,114.1747
1,43.154.204.218,22.2783,114.1747
1,43.154.203.230,22.2783,114.1747
1,43.154.201.237,22.2783,114.1747
1,43.154.200.64,22.2783,114.1747
1,43.154.2.189,22.2783,114.1747
1,43.154.199.230,22.2783,114.1747
1,43.154.199.196,22.2783,114.1747
1,43.154.199.177,22.2783,114.1747
1,43.154.195.149,22.2783,114.1747
1,43.154.192.97,22.2783,114.1747
1,43.154.192.158,22.2783,114.1747
1,43.154.191.121,22.2783,114.1747
1,43.154.190.67,22.2783,114.1747
1,43.154.190.190,22.2783,114.1747
1,43.154.190.157,22.2783,114.1747
1,43.154.188.244,22.2783,114.1747
1,43.154.18.95,22.2783,114.1747
1,43.154.178.151,22.2783,114.1747
1,43.154.177.138,22.2783,114.1747
1,43.154.17.118,22.2783,114.1747
1,43.154.165.79,22.2783,114.1747
1,43.154.160.195,22.2783,114.1747
1,43.154.155.241,22.2783,114.1747
1,43.154.155.218,22.2783,114.1747
1,43.154.149.52,22.2783,114.1747
1,43.154.144.211,22.2783,114.1747
1,43.154.142.229,22.2783,114.1747
1,43.154.128.136,22.2783,114.1747
1,43.154.121.10,22.2783,114.1747
1,43.154.114.139,22.2783,114.1747
1,43.154.110.156,22.2783,114.1747
1,43.154.109.134,22.2783,114.1747
1,43.154.106.242,22.2783,114.1747
1,43.154.101.145,22.2783,114.1747
1,43.154.100.98,22.2783,114.1747
1,43.154.0.202,22.2783,114.1747
1,43.153.17.69,37.3179,-121.9349
1,43.152.212.42,19.0728,72.8826
1,43.134.214.80,22.5455,114.0683
1,43.134.201.195,22.5455,114.0683
1,43.134.201.172,22.2783,114.1747
1,43.134.200.160,22.5455,114.0683
1,43.134.198.139,22.5455,114.0683
1,43.134.196.128,22.5455,114.0683
1,43.134.193.121,22.5455,114.0683
1,43.134.180.42,1.2897,103.8501
1,43.134.106.247,1.2897,103.8501
1,43.133.178.13,35.6895,139.6917
1,43.133.173.249,35.6895,139.6917
1,43.133.14.79,35.6895,139.6917
1,43.132.247.68,22.2783,114.1747
1,43.132.238.85,22.2783,114.1747
1,43.132.157.158,22.2783,114.1747
1,43.132.157.156,22.2783,114.1747
1,43.132.157.151,22.2783,114.1747
1,43.132.157.120,22.2783,114.1747
1,43.132.157.109,22.2783,114.1747
1,43.132.156.8,22.2783,114.1747
1,43.132.156.71,22.2783,114.1747
1,43.132.156.66,22.2783,114.1747
1,43.132.156.29,22.2783,114.1747
1,43.132.156.243,22.2783,114.1747
1,43.132.156.203,22.2783,114.1747
1,43.132.156.12,22.2783,114.1747
1,43.132.156.101,22.2783,114.1747
1,43.132.155.95,22.2783,114.1747
1,43.132.102.188,22.2783,114.1747
1,43.131.38.35,50.1155,8.6842
1,43.131.27.184,50.1155,8.6842
1,43.131.26.159,50.1155,8.6842
1,43.130.45.123,37.3541,-121.9552
1,43.129.249.242,22.2783,114.1747
1,43.129.241.236,22.2783,114.1747
1,43.129.237.178,22.2783,114.1747
1,43.129.228.197,22.2783,114.1747
1,43.129.17.229,22.2783,114.1747
1,43.129.16.138,22.2783,114.1747
1,43.128.48.80,22.2783,114.1747
1,42.200.78.78,22.2783,114.1747
1,42.200.201.231,22.2783,114.1747
1,42.119.111.155,10.8230,106.6296
1,41.94.88.60,-25.9655,32.5832
1,41.65.3.60,30.0626,31.2497
1,41.207.252.122,5.5560,-0.1969
1,41.191.116.18,-15.4067,28.2871
1,40.125.64.191,47.2343,-119.8525
1,39.129.9.180,25.0389,102.7183
1,38.91.101.223,40.7484,-73.9967
1,38.242.234.138,38.9014,-77.0504
1,38.17.48.23,39.7392,-104.9847
1,37.187.54.237,48.5839,7.7455
1,36.95.244.243,-6.2146,106.8451
1,36.80.48.9,-6.9222,107.6069
1,36.78.91.177,-6.9222,107.6069
1,36.112.150.184,39.9075,116.3972
1,36.110.142.212,39.9075,116.3972
1,36.102.208.158,23.1167,113.2500
1,35.247.220.198,-23.5475,-46.6361
1,35.239.62.20,41.2619,-95.8608
1,35.236.148.1,25.0478,121.5319
1,35.225.199.134,41.2619,-95.8608
1,35.222.227.227,41.2619,-95.8608
1,35.198.213.250,1.2897,103.8501
1,35.196.217.244,32.8546,-79.9748
1,34.94.57.181,34.0522,-118.2437
1,34.93.105.8,19.0728,72.8826
1,34.88.170.63,61.0587,28.1887
1,27.71.238.208,10.8230,106.6296
1,27.254.46.67,13.7833,100.5167
1,27.254.149.199,13.7540,100.5014
1,27.155.92.51,31.2222,121.4581
1,27.128.156.158,39.9075,116.3972
1,27.111.44.196,-6.2146,106.8451
1,27.1.253.142,37.5660,126.9784
1,23.97.240.235,52.3740,4.8897
1,23.94.56.185,47.6062,-122.3321
1,23.94.194.177,41.8500,-87.6500
1,23.88.112.129,50.1112,8.6831
1,23.225.191.36,34.0522,-118.2437
1,23.224.39.151,34.0522,-118.2437
1,23.224.230.204,34.0522,-118.2437
1,23.125.108.2,42.0095,-87.6689
1,223.72.204.125,39.9075,116.3972
1,223.71.70.148,39.9075,116.3972
1,223.255.187.154,22.2783,114.1747
1,223.171.50.236,37.5660,126.9784
1,223.171.32.55,37.5660,126.9784
1,223.167.111.63,31.2222,121.4581
1,223.137.111.110,25.0478,121.5319
1,222.85.136.45,26.5833,106.7167
1,222.69.132.110,31.2222,121.4581
1,222.255.148.167,13.7765,109.2237
1,222.222.239.43,31.3041,120.5954
1,222.187.237.56,28.1987,112.9709
1,222.175.240.250,36.6683,116.9972
1,221.214.211.122,37.4765,121.4408
1,221.193.248.166,39.1422,117.1767
1,221.160.100.18,36.3743,127.6727
1,221.133.1.50,10.8230,106.6296
1,221.122.73.130,39.9075,116.3972
1,220.86.29.35,37.5660,126.9784
1,220.248.95.178,31.2222,121.4581
1,220.182.57.146,30.2936,120.1614
1,220.133.95.68,25.0143,121.4672
1,220.130.164.120,25.0478,121.5319
1,219.87.156.66,25.0478,121.5319
1,219.238.169.244,39.9075,116.3972
1,218.56.11.236,36.0649,120.3804
1,218.146.103.48,37.4861,126.8743
1,217.67.121.75,55.7522,37.6156
1,213.82.38.230,45.4643,9.1895
1,213.6.130.133,32.2211,35.2544
1,213.32.22.67,50.9865,2.1281
1,213.248.75.89,59.3294,18.0687
1,213.210.120.134,59.0556,80.8572
1,213.141.131.22,55.7522,37.6156
1,212.80.212.8,13.8607,100.5148
1,212.49.70.200,-1.2833,36.8167
1,212.33.250.241,58.0105,56.2502
1,212.17.106.46,48.2085,16.3721
1,211.75.12.169,25.0478,121.5319
1,211.43.15.80,37.5660,126.9784
1,211.37.174.72,37.5660,126.9784
1,211.200.178.178,37.5660,126.9784
1,211.143.255.70,32.0617,118.7778
1,211.112.187.197,37.5660,126.9784
1,210.5.111.126,14.6042,120.9822
1,210.196.250.246,33.6000,130.4167
1,209.97.179.189,51.5085,-0.1257
1,209.145.50.54,38.6273,-90.1979
1,209.143.70.105,39.9612,-82.9988
1,208.109.13.144,1.2897,103.8501
1,207.2.123.57,29.7633,-95.3633
1,207.154.205.34,50.1025,8.6299
1,206.189.82.149,1.3215,103.6957
1,206.189.55.226,50.1025,8.6299
1,206.189.31.90,51.5085,-0.1257
1,206.189.135.24,13.2257,77.5750
1,204.48.22.232,40.8043,-74.0121
1,203.69.17.247,22.0042,120.7439
1,203.234.236.52,37.5660,126.9784
1,203.190.55.203,-6.2146,106.8451
1,203.190.153.19,26.2298,78.1734
1,203.135.20.36,33.7215,73.0433
1,203.128.242.166,10.8230,106.6296
1,202.83.17.205,12.9719,77.5937
1,202.188.20.115,3.0333,101.7500
1,202.165.25.141,3.1412,101.6865
1,202.165.25.136,3.1412,101.6865
1,202.154.180.51,1.2897,103.8501
1,202.103.55.32,30.5833,114.2667
1,201.75.24.49,-3.1019,-60.0250
1,201.48.78.29,-23.5475,-46.6361
1,201.249.87.203,9.2155,-66.0073
1,201.238.215.131,-33.4088,-70.6364
1,201.219.246.54,3.4372,-76.5225
1,201.217.195.226,4.6097,-74.0817
1,201.163.162.179,19.4285,-99.1277
1,201.149.49.146,19.4285,-99.1277
1,201.124.22.2,19.4285,-99.1277
1,200.91.219.250,4.6097,-74.0817
1,200.89.174.178,-34.7083,-58.2917
1,200.89.159.190,-34.6131,-58.3772
1,200.69.141.210,-34.6131,-58.3772
1,200.52.65.31,19.4285,-99.1277
1,200.49.105.91,-34.6131,-58.3772
1,200.27.113.133,-34.9828,-71.2394
1,200.116.175.40,3.4372,-76.5225
1,200.107.160.198,-12.0432,-77.0282
1,200.105.183.118,-16.5000,-68.1500
1,200.101.82.90,-8.7619,-63.9039
1,20.68.19.84,51.5085,-0.1257
1,20.24.69.202,22.2783,114.1747
1,20.230.177.106,47.2343,-119.8525
1,20.228.243.109,37.3058,-78.5462
1,20.228.182.192,37.3058,-78.5462
1,20.226.8.223,-22.9056,-47.0608
1,20.226.67.205,-22.9056,-47.0608
1,20.224.127.62,52.3740,4.8897
1,20.222.15.136,35.6895,139.6917
1,20.193.247.177,18.5196,73.8554
1,2.139.61.207,42.6488,-5.6289
1,2.139.220.58,40.4554,-3.4697
1,199.192.21.215,37.5958,-122.0191
1,198.251.78.157,39.9513,-75.1741
1,198.211.121.90,52.3740,4.8897
1,197.5.145.66,36.8190,10.1658
1,197.227.8.186,-20.1619,57.4989
1,197.159.66.222,9.0579,7.4951
1,196.46.55.2,-20.1619,57.4989
1,196.216.73.90,-20.2638,57.4791
1,196.207.23.202,-1.2833,36.8167
1,195.228.231.176,47.9554,21.7167
1,195.140.146.30,55.8970,37.4297
1,195.138.84.118,46.4775,30.7326
1,195.134.179.150,45.5356,10.2147
1,194.87.101.20,55.7522,37.6156
1,194.233.91.5,1.2897,103.8501
1,194.152.206.17,45.8144,15.9780
1,194.147.156.246,31.3402,34.3063
1,194.135.22.89,51.1658,10.4216
1,193.93.251.137,59.3294,18.0687
1,193.123.103.237,-23.0297,-46.9753
1,193.122.134.119,39.0437,-77.4875
1,193.106.60.145,49.9808,36.2527
1,192.3.253.15,47.6062,-122.3321
1,192.241.243.84,40.7402,-73.9996
1,192.241.220.190,37.7309,-122.3886
1,192.139.15.34,46.8123,-71.2145
1,191.7.28.155,-13.4408,-49.1486
1,191.243.64.3,-18.7247,-47.4986
1,191.232.193.91,-22.9056,-47.0608
1,191.102.254.241,-33.1222,-60.5500
1,190.89.146.58,-7.9117,-34.9028
1,190.24.37.163,4.6439,-74.0920
1,190.199.185.84,7.7669,-72.2250
1,190.190.40.128,-31.4135,-64.1810
1,190.145.81.37,8.7480,-75.8814
1,190.145.123.26,6.2518,-75.5636
1,190.144.139.235,6.3373,-75.5580
1,190.128.171.250,-25.2865,-57.6470
1,190.128.118.185,4.8133,-75.6961
1,190.12.120.250,-34.6131,-58.3772
1,190.119.179.210,-8.1160,-79.0300
1,190.104.25.217,-16.5000,-68.1500
1,190.104.25.210,-16.5000,-68.1500
1,190.0.246.7,4.9911,-73.8715
1,189.91.13.98,-19.9317,-44.0536
1,189.7.129.60,-29.7175,-52.4258
1,189.45.78.175,-3.7172,-38.5431
1,189.41.140.177,-19.7483,-47.9319
1,189.206.165.62,20.6712,-103.3233
1,189.203.194.165,32.5027,-117.0037
1,189.195.223.98,23.2303,-106.3730
1,188.92.78.235,56.9460,24.1059
1,188.81.133.7,40.2056,-8.4195
1,188.72.107.182,55.7522,37.6156
1,188.254.0.160,55.7522,37.6156
1,188.225.24.145,59.9386,30.3141
1,188.187.0.42,59.9386,30.3141
1,188.166.91.185,52.3740,4.8897
1,188.166.5.84,52.3740,4.8897
1,188.166.246.182,1.3215,103.6957
1,188.166.240.30,1.3215,103.6957
1,188.166.240.152,1.3215,103.6957
1,188.166.228.226,1.3215,103.6957
1,188.166.180.17,1.3215,103.6957
1,188.165.3.251,49.1191,6.1727
1,188.120.254.126,55.7522,37.6156
1,187.72.223.117,-19.7483,-47.9319
1,187.3.141.101,-23.6231,-46.5511
1,187.188.251.219,19.0301,-98.2217
1,187.108.193.40,-23.5475,-46.6361
1,187.108.119.176,-21.0900,-45.5658
1,187.106.203.217,-23.1864,-46.8842
1,187.102.174.154,-22.9064,-43.1822
1,186.84.174.240,3.9009,-76.2978
1,186.249.236.29,-19.9208,-43.9378
1,186.23.59.242,-34.8272,-58.3956
1,186.215.68.130,-15.7201,-47.8338
1,186.209.41.35,-23.1014,-46.7283
1,186.209.111.2,-23.5475,-46.6361
1,186.147.35.76,4.6097,-74.0817
1,186.101.16.90,-2.9005,-79.0045
1,185.74.5.184,41.2647,69.2163
1,185.57.164.159,35.6944,51.4215
1,185.253.157.249,42.6975,23.3241
1,185.247.117.26,52.3740,4.8897
1,185.226.116.88,35.6944,51.4215
1,185.210.144.122,1.3557,103.8237
1,185.193.18.45,34.0559,-118.2666
1,185.164.30.78,21.4901,39.1862
1,185.162.172.75,37.7211,-3.9726
1,185.132.250.1,31.3402,34.3063
1,185.111.218.21,55.7522,37.6156
1,184.149.11.148,43.5624,-79.6504
1,183.82.115.221,17.4139,78.5053
1,183.252.15.157,24.4798,118.0819
1,183.194.212.16,31.2222,121.4581
1,182.76.47.236,19.0728,72.8826
1,182.74.47.252,28.9948,77.0194
1,182.48.103.90,39.9075,116.3972
1,182.43.60.67,39.9075,116.3972
1,182.42.17.42,39.9075,116.3972
1,182.253.85.135,-6.2146,106.8451
1,182.253.28.122,-6.2146,106.8451
1,182.253.184.20,-7.8014,110.3647
1,181.63.248.149,3.4372,-76.5225
1,181.53.251.199,3.4372,-76.5225
1,181.52.250.234,3.4372,-76.5225
1,181.52.249.213,3.4372,-76.5225
1,181.49.53.26,2.9273,-75.2819
1,181.49.50.202,4.6357,-74.0733
1,181.28.152.134,-34.6131,-58.3772
1,181.236.224.58,7.1254,-73.1198
1,181.129.166.202,3.4372,-76.5225
1,181.126.90.13,-25.2865,-57.6470
1,181.121.70.44,-27.3306,-55.8667
1,180.76.99.104,39.9075,116.3972
1,180.76.98.209,39.9075,116.3972
1,180.76.51.65,39.9075,116.3972
1,180.76.38.116,39.9075,116.3972
1,180.76.240.38,39.9075,116.3972
1,180.76.238.67,39.9075,116.3972
1,180.76.235.233,39.9075,116.3972
1,180.76.187.155,39.9075,116.3972
1,180.76.187.127,39.9075,116.3972
1,180.76.180.171,39.9075,116.3972
1,180.76.166.96,39.9075,116.3972
1,180.76.160.64,39.9075,116.3972
1,180.76.159.234,39.9075,116.3972
1,180.76.156.55,39.9075,116.3972
1,180.76.149.99,39.9075,116.3972
1,180.76.138.197,39.9075,116.3972
1,180.76.121.181,39.9075,116.3972
1,180.76.118.112,39.9075,116.3972
1,180.250.193.179,3.3133,117.5915
1,180.250.115.121,-6.2146,106.8451
1,180.153.91.70,31.2222,121.4581
1,180.144.133.201,34.7393,135.5253
1,180.130.116.238,24.4353,98.5837
1,179.43.142.34,47.3667,8.5500
1,179.184.186.170,-22.9064,-43.1822
1,179.127.204.48,-3.5622,-41.0922
1,179.113.89.21,-23.5475,-46.6361
1,178.62.79.121,51.5085,-0.1257
1,178.62.78.193,51.5085,-0.1257
1,178.62.73.41,51.5085,-0.1257
1,178.62.64.242,51.5085,-0.1257
1,178.62.24.248,51.5085,-0.1257
1,178.62.217.172,52.3740,4.8897
1,178.220.218.237,44.0167,20.9167
1,178.217.173.54,42.8700,74.5900
1,178.203.113.186,51.1604,6.4172
1,178.18.252.186,51.2217,6.7762
1,178.18.247.179,51.2217,6.7762
1,178.154.207.175,55.7522,37.6156
1,178.128.57.52,1.3215,103.6957
1,178.128.35.197,51.5085,-0.1257
1,178.128.28.215,1.3215,103.6957
1,178.128.25.31,1.3215,103.6957
1,178.128.243.6,52.3740,4.8897
1,178.128.236.76,43.7001,-79.4163
1,178.128.234.248,43.7001,-79.4163
1,178.128.187.192,37.3483,-121.9844
1,178.128.184.213,37.3483,-121.9844
1,178.128.16.206,1.3215,103.6957
1,178.128.111.186,1.3215,103.6957
1,178.128.103.172,1.3215,103.6957
1,177.229.134.50,27.4864,-109.9408
1,177.220.170.18,-25.5302,-49.2084
1,177.1.213.19,-22.9064,-43.1822
1,176.236.190.170,41.0153,28.9827
1,176.183.60.72,48.5887,2.1899
1,175.23.169.25,39.1422,117.1767
1,175.140.139.145,4.5841,101.0829
1,175.119.79.57,37.4456,127.1362
1,174.118.224.31,45.9454,-66.6656
1,172.245.252.80,41.8500,-87.6500
1,172.104.167.210,1.2897,103.8501
1,172.104.15.155,40.8223,-74.4569
1,171.244.39.233,10.8230,106.6296
1,171.244.140.59,10.8230,106.6296
1,171.244.139.236,10.8230,106.6296
1,171.223.170.94,30.6667,104.0667
1,170.239.85.167,-34.9828,-71.2394
1,170.210.203.212,-34.6131,-58.3772
1,170.150.72.28,-23.5475,-46.6361
1,168.195.138.96,-8.0539,-34.8811
1,168.126.28.18,37.4871,126.9412
1,167.99.82.172,51.5085,-0.1257
1,167.99.69.130,1.3215,103.6957
1,167.99.68.65,1.3215,103.6957
1,167.99.61.176,40.8344,-74.1377
1,167.99.172.249,37.3483,-121.9844
1,167.99.13.93,40.8043,-74.0121
1,167.71.239.9,13.2257,77.5750
1,167.71.231.177,13.2257,77.5750
1,167.71.204.59,1.3215,103.6957
1,167.71.172.175,40.8344,-74.1377
1,167.71.141.92,51.5085,-0.1257
1,167.71.131.111,51.5085,-0.1257
1,167.71.110.45,40.8344,-74.1377
1,167.235.23.153,49.4542,11.0775
1,167.172.39.122,52.3740,4.8897
1,167.172.246.83,40.8344,-74.1377
1,167.172.101.208,50.1025,8.6299
1,165.232.35.74,51.5085,-0.1257
1,165.232.182.204,13.2257,77.5750
1,165.232.177.198,13.2257,77.5750
1,165.232.140.100,37.3924,-121.9623
1,165.227.42.197,43.7001,-79.4163
1,165.227.228.72,51.5085,-0.1257
1,165.227.165.109,50.1025,8.6299
1,165.227.148.167,50.1025,8.6299
1,165.227.148.105,50.1025,8.6299
1,165.227.124.168,40.8344,-74.1377
1,165.227.122.147,40.8344,-74.1377
1,165.227.114.124,40.8344,-74.1377
1,165.22.251.123,1.3215,103.6957
1,165.22.212.173,13.2257,77.5750
1,165.22.178.247,40.8043,-74.0121
1,165.22.1.73,40.8043,-74.0121
1,165.154.68.200,22.2783,114.1747
1,164.92.233.93,50.1025,8.6299
1,164.92.218.88,52.3740,4.8897
1,164.92.215.54,52.3740,4.8897
1,164.92.209.162,52.3740,4.8897
1,164.92.195.223,50.1025,8.6299
1,164.92.176.222,50.1025,8.6299
1,164.92.167.117,50.1025,8.6299
1,164.68.122.126,49.4075,11.1649
1,164.68.112.35,49.4075,11.1649
1,164.155.48.248,22.2783,114.1747
1,163.172.87.64,48.8534,2.3488
1,163.172.61.214,48.8534,2.3488
1,162.214.192.220,40.2347,-111.6447
1,161.82.233.183,13.7540,100.5014
1,161.82.233.179,13.7540,100.5014
1,161.35.84.23,52.3740,4.8897
1,161.35.26.171,50.1025,8.6299
1,161.35.236.235,37.3924,-121.9623
1,161.35.127.34,40.8043,-74.0121
1,160.251.55.50,35.6895,139.6917
1,160.251.51.64,35.6895,139.6917
1,160.124.49.227,22.2783,114.1747
1,160.124.49.152,22.2783,114.1747
1,159.89.87.72,40.8043,-74.0121
1,159.89.49.62,40.8043,-74.0121
1,159.89.31.27,50.1025,8.6299
1,159.89.230.196,40.8043,-74.0121
1,159.89.202.15,1.3215,103.6957
1,159.89.197.1,1.3215,103.6957
1,159.89.187.194,40.8344,-74.1377
1,159.89.112.176,43.7001,-79.4163
1,159.65.91.105,51.5085,-0.1257
1,159.65.64.76,37.3483,-121.9844
1,159.65.249.79,40.8344,-74.1377
1,159.65.235.114,40.8043,-74.0121
1,159.65.220.18,40.8043,-74.0121
1,159.65.192.61,52.3740,4.8897
1,159.65.180.64,40.8344,-74.1377
1,159.65.176.156,40.8344,-74.1377
1,159.65.137.114,1.3215,103.6957
1,159.65.136.44,1.3215,103.6957
1,159.65.103.250,37.3483,-121.9844
1,159.223.62.234,1.3215,103.6957
1,159.223.61.129,1.3215,103.6957
1,159.223.51.140,1.3215,103.6957
1,159.223.235.198,52.3740,4.8897
1,159.223.135.242,40.8043,-74.0121
1,159.203.81.114,40.8344,-74.1377
1,159.203.105.85,40.8344,-74.1377
1,157.255.28.157,23.1167,113.2500
1,157.245.85.17,40.8043,-74.0121
1,157.245.44.120,51.5085,-0.1257
1,157.245.206.155,1.3215,103.6957
1,157.245.199.187,1.3215,103.6957
1,157.245.161.35,37.3483,-121.9844
1,157.245.157.166,1.3215,103.6957
1,157.245.148.189,1.3215,103.6957
1,157.245.140.49,40.8043,-74.0121
1,157.230.47.241,1.3215,103.6957
1,157.230.41.206,1.3215,103.6957
1,157.230.250.192,1.3215,103.6957
1,157.230.190.106,40.8043,-74.0121
1,157.230.185.9,40.8043,-74.0121
1,157.230.183.47,40.8043,-74.0121
1,155.93.231.55,-34.0500,18.4833
1,154.94.5.214,22.2783,114.1747
1,154.70.208.66,-33.9258,18.4232
1,154.211.14.166,22.2783,114.1747
1,154.204.30.133,22.2783,114.1747
1,154.12.245.134,41.8798,-87.6285
1,153.127.58.192,35.7167,140.2333
1,152.70.89.213,37.5660,126.9784
1,152.32.145.211,35.6895,139.6917
1,151.236.62.123,51.5085,-0.1257
1,151.106.120.113,1.2897,103.8501
1,150.95.151.4,35.6895,139.6917
1,150.165.212.10,-7.1150,-34.8631
1,15.207.14.36,19.0728,72.8826
1,149.56.102.60,45.5088,-73.5878
1,149.202.251.233,50.6330,3.0586
1,149.129.241.105,-6.2146,106.8451
1,148.102.25.170,-12.0432,-77.0282
1,147.182.188.81,40.8043,-74.0121
1,147.182.174.140,40.8043,-74.0121
1,147.182.163.47,40.8043,-74.0121
1,146.59.189.116,48.8563,2.3453
1,146.4.102.130,47.2256,8.8223
1,146.190.234.159,52.3740,4.8897
1,144.22.193.125,-23.5475,-46.6361
1,144.22.182.62,-23.5475,-46.6361
1,144.22.142.101,-23.5475,-46.6361
1,144.217.81.162,45.5088,-73.5878
1,144.126.211.106,37.3924,-121.9623
1,144.126.197.136,51.5085,-0.1257
1,143.92.58.52,22.2783,114.1747
1,143.47.252.185,51.5085,-0.1257
1,143.47.231.65,51.5085,-0.1257
1,143.244.190.237,37.3924,-121.9623
1,143.244.178.40,37.3924,-121.9623
1,143.244.177.178,37.3924,-121.9623
1,143.244.162.174,40.8043,-74.0121
1,143.244.147.86,40.8043,-74.0121
1,143.244.138.59,13.2257,77.5750
1,143.198.8.62,40.8344,-74.1377
1,143.198.136.87,37.3924,-121.9623
1,143.198.11.34,40.8344,-74.1377
1,143.198.11.30,40.8344,-74.1377
1,143.137.43.5,-23.1947,-51.9153
1,143.110.247.222,13.2257,77.5750
1,143.110.241.134,13.2257,77.5750
1,143.110.190.247,13.2257,77.5750
1,142.93.8.99,40.8043,-74.0121
1,142.93.79.192,40.8344,-74.1377
1,142.93.65.9,40.8344,-74.1377
1,142.93.250.12,40.8043,-74.0121
1,142.93.212.10,12.9719,77.5937
1,142.93.176.165,40.8344,-74.1377
1,142.93.116.249,40.8043,-74.0121
1,142.132.236.214,50.4779,12.3713
1,140.86.39.162,52.3740,4.8897
1,140.83.56.112,34.6937,135.5022
1,140.238.254.62,19.0728,72.8826
1,14.99.176.210,28.6519,77.2315
1,14.97.93.66,12.9719,77.5937
1,14.225.255.193,15.2978,108.7612
1,14.161.27.163,10.8230,106.6296
1,14.140.246.59,28.4112,77.3132
1,14.139.242.248,26.9726,75.3875
1,139.59.93.234,13.2257,77.5750
1,139.59.81.55,13.2257,77.5750
1,139.59.8.119,13.2257,77.5750
1,139.59.32.175,13.2257,77.5750
1,139.59.3.114,13.2257,77.5750
1,139.59.27.36,13.2257,77.5750
1,139.59.251.146,1.3215,103.6957
1,139.59.248.243,1.3215,103.6957
1,139.59.210.129,50.1025,8.6299
1,139.59.186.183,51.5085,-0.1257
1,139.59.16.54,13.2257,77.5750
1,139.255.66.218,-6.2146,106.8451
1,139.198.187.45,39.9075,116.3972
1,139.198.169.252,39.9075,116.3972
1,139.162.53.107,1.2897,103.8501
1,138.68.63.30,37.3483,-121.9844
1,138.68.58.35,37.3483,-121.9844
1,138.68.40.92,37.3483,-121.9844
1,138.68.27.174,37.3483,-121.9844
1,138.68.178.64,51.5085,-0.1257
1,138.68.131.49,51.5085,-0.1257
1,138.68.106.62,50.1025,8.6299
1,138.197.180.102,50.1025,8.6299
1,138.197.15.40,40.8344,-74.1377
1,138.197.149.97,43.7001,-79.4163
1,137.184.37.111,37.3924,-121.9623
1,137.184.35.169,37.3924,-121.9623
1,137.184.220.189,40.8043,-74.0121
1,137.184.219.69,40.8043,-74.0121
1,137.184.205.179,40.8043,-74.0121
1,137.184.104.77,40.8043,-74.0121
1,136.228.161.67,16.8053,96.1561
1,134.209.84.124,52.3740,4.8897
1,134.209.240.88,50.1025,8.6299
1,134.209.233.126,50.1025,8.6299
1,134.209.228.253,50.1025,8.6299
1,134.209.107.228,1.3215,103.6957
1,134.209.103.181,1.3215,103.6957
1,134.17.94.27,53.9000,27.5667
1,134.17.5.55,53.9000,27.5667
1,134.17.16.40,53.9000,27.5667
1,134.17.16.196,53.9000,27.5667
1,134.122.44.193,43.7001,-79.4163
1,134.122.167.92,35.6895,139.6917
1,134.0.203.141,23.5841,58.4078
1,131.108.175.230,-18.9181,-54.8442
1,130.255.146.109,45.5356,10.2147
1,130.185.121.123,52.3740,4.8897
1,13.80.7.122,52.3740,4.8897
1,13.72.228.119,-33.8678,151.2073
1,13.58.109.104,40.0334,-83.1582
1,13.235.123.174,19.0728,72.8826
1,129.226.225.131,22.3302,114.1595
1,129.226.224.113,22.3302,114.1595
1,129.226.191.171,22.3302,114.1595
1,129.226.181.212,22.3302,114.1595
1,129.226.176.201,22.3302,114.1595
1,129.205.124.253,6.4541,3.3947
1,129.151.250.217,43.2970,5.3811
1,129.146.241.147,33.4484,-112.0740
1,129.114.17.201,30.2672,-97.7431
1,128.201.78.253,-8.0539,-34.8811
1,128.199.68.220,1.3215,103.6957
1,128.199.57.142,52.3740,4.8897
1,128.199.52.45,52.3740,4.8897
1,128.199.45.37,52.3740,4.8897
1,128.199.250.104,1.3215,103.6957
1,128.199.247.226,1.3215,103.6957
1,128.199.225.7,1.3215,103.6957
1,128.199.193.246,1.3215,103.6957
1,128.199.179.36,1.3215,103.6957
1,128.199.177.90,1.3215,103.6957
1,128.199.157.190,1.3215,103.6957
1,128.199.152.70,1.3215,103.6957
1,128.199.120.146,1.3215,103.6957
1,128.199.111.194,1.3215,103.6957
1,128.116.154.5,44.1487,12.1365
1,126.77.170.137,35.6895,139.6917
1,126.113.24.98,35.6895,139.6917
1,125.87.85.38,29.5603,106.5577
1,125.76.229.42,28.0317,110.9544
1,125.76.228.194,28.0317,110.9544
1,125.64.15.191,31.4678,104.6817
1,125.228.117.59,25.0478,121.5319
1,125.212.233.50,21.0245,105.8412
1,125.139.90.123,35.7996,127.1145
1,125.129.122.83,37.5712,127.0666
1,124.43.10.224,7.3164,80.3906
1,124.40.244.199,12.9719,77.5937
1,124.105.173.17,14.3427,121.0807
1,123.59.195.116,39.9075,116.3972
1,123.212.243.117,37.4333,127.1414
1,123.142.3.137,37.5660,126.9784
1,122.165.247.254,13.0878,80.2785
1,122.155.223.9,13.7540,100.5014
1,122.155.169.49,13.7540,100.5014
1,122.154.163.211,16.4834,99.5215
1,121.244.27.51,12.9719,77.5937
1,121.183.132.151,36.3559,127.3940
1,121.165.140.242,37.5303,127.1246
1,120.92.34.203,39.9075,116.3972
1,120.92.21.91,39.9075,116.3972
1,120.92.133.80,31.2222,121.4581
1,120.92.122.205,39.9075,116.3972
1,120.88.46.226,19.0931,72.9049
1,120.48.6.210,39.9075,116.3972
1,120.48.3.34,39.9075,116.3972
1,120.48.24.44,39.9075,116.3972
1,120.48.15.133,39.9075,116.3972
1,119.65.149.106,37.5660,126.9784
1,119.195.133.214,37.3635,126.9232
1,119.188.125.168,36.6683,116.9972
1,119.148.2.82,23.7104,90.4074
1,118.89.66.102,22.5455,114.0683
1,118.69.82.233,10.8230,106.6296
1,118.69.68.186,10.8230,106.6296
1,118.36.247.207,37.5660,126.9784
1,118.27.36.26,35.6895,139.6917
1,118.27.30.17,35.6895,139.6917
1,118.27.29.57,35.6895,139.6917
1,118.212.146.43,28.6840,115.8531
1,118.140.205.198,22.2783,114.1747
1,117.53.153.140,4.3831,102.4011
1,117.50.99.201,39.9075,116.3972
1,117.50.175.125,39.9075,116.3972
1,117.28.245.18,26.0771,119.2915
1,117.25.147.133,39.9075,116.3972
1,117.199.192.58,26.4521,74.6387
1,117.122.212.78,39.9075,116.3972
1,116.88.190.93,1.3102,103.7700
1,116.202.29.189,50.4779,12.3713
1,116.176.24.6,39.1422,117.1767
1,115.88.38.58,37.5660,126.9784
1,114.67.96.200,31.2222,121.4581
1,114.67.89.247,31.2222,121.4581
1,114.67.69.0,31.2222,121.4581
1,114.33.239.231,22.9908,120.2133
1,114.219.96.224,31.3041,120.5954
1,114.218.212.93,31.3041,120.5954
1,114.205.54.184,37.7023,126.7495
1,114.204.218.154,37.3925,126.9269
1,113.31.117.79,31.2222,121.4581
1,113.21.232.39,22.2783,114.1747
1,112.78.3.14,10.8230,106.6296
1,112.64.33.38,31.2222,121.4581
1,112.217.169.138,37.5660,126.9784
1,112.215.60.66,-6.2146,106.8451
1,112.196.222.83,37.5660,126.9784
1,111.93.215.130,23.2167,72.6833
1,111.67.198.238,39.9075,116.3972
1,111.67.194.70,39.9075,116.3972
1,111.61.107.27,39.9075,116.3972
1,111.207.155.56,39.9075,116.3972
1,111.202.249.76,39.9075,116.3972
1,111.198.71.36,39.9075,116.3972
1,111.198.33.54,39.9075,116.3972
1,111.172.7.124,30.5833,114.2667
1,111.160.100.50,39.1422,117.1767
1,111.13.102.171,23.1167,113.2500
1,111.120.16.2,31.3041,120.5954
1,110.35.173.103,37.4727,126.9406
1,109.75.45.34,40.1811,44.5136
1,109.167.200.10,59.9386,30.3141
1,109.106.255.77,1.2897,103.8501
1,109.100.42.14,44.4323,26.1063
1,107.189.14.216,49.7873,6.0654
1,107.182.28.60,34.0443,-118.2509
1,107.0.200.227,40.4167,-86.8753
1,106.54.112.173,39.9075,116.3972
1,106.38.203.230,39.9075,116.3972
1,106.247.228.98,37.5660,126.9784
1,106.13.88.44,39.9075,116.3972
1,106.13.79.42,39.9075,116.3972
1,106.12.55.129,39.9075,116.3972
1,106.12.45.51,39.9075,116.3972
1,106.12.218.82,39.9075,116.3972
1,106.12.182.12,39.9075,116.3972
1,106.12.167.59,39.9075,116.3972
1,106.12.161.226,39.9075,116.3972
1,106.12.161.107,39.9075,116.3972
1,106.12.160.17,39.9075,116.3972
1,106.12.159.19,39.9075,116.3972
1,106.12.156.70,39.9075,116.3972
1,106.12.155.64,39.9075,116.3972
1,106.12.151.73,39.9075,116.3972
1,106.12.151.109,39.9075,116.3972
1,106.12.148.244,39.9075,116.3972
1,106.12.144.171,39.9075,116.3972
1,105.96.1.100,36.4700,2.8277
1,104.42.148.242,37.3476,-121.8870
1,104.248.205.227,52.3740,4.8897
1,104.248.160.14,51.5085,-0.1257
1,104.248.160.121,51.5085,-0.1257
1,104.248.140.201,50.1025,8.6299
1,104.248.134.19,50.1025,8.6299
1,104.243.26.5,34.0443,-118.2509
1,104.238.212.117,37.3924,-121.9623
1,104.236.124.45,40.8344,-74.1377
1,104.199.35.3,50.8505,4.3488
1,104.154.33.7,41.2619,-95.8608
1,104.131.39.193,40.8344,-74.1377
1,104.131.175.26,40.8344,-74.1377
1,104.131.123.6,40.8344,-74.1377
1,104.131.102.169,40.8344,-74.1377
1,104.128.95.150,34.0443,-118.2509
1,103.97.131.40,22.2783,114.1747
1,103.88.54.50,26.8378,75.8256
1,103.86.180.10,18.5196,73.8554
1,103.70.144.140,22.5988,80.3712
1,103.63.108.25,21.0245,105.8412
1,103.62.233.45,31.5134,74.3467
1,103.26.137.199,23.7104,90.4074
1,103.242.56.122,11.5625,104.9160
1,103.238.229.171,13.0878,80.2785
1,103.233.153.110,-7.4819,108.5998
1,103.226.250.228,16.4391,107.7144
1,103.226.250.201,16.4391,107.7144
1,103.224.36.226,12.9719,77.5937
1,103.219.112.63,-6.1781,106.6300
1,103.218.240.97,22.2783,114.1747
1,103.21.53.11,22.6984,75.9292
1,103.181.129.3,-2.1709,115.4077
1,103.180.120.160,19.0728,72.8826
1,103.176.79.154,-6.7814,106.7825
1,103.176.179.14,19.6314,105.5781
1,103.168.183.91,9.5463,78.5907
1,103.167.34.175,-7.2037,106.5251
1,103.163.72.14,23.7104,90.4074
1,103.158.212.114,21.2333,81.6333
1,103.150.36.101,25.0478,121.5319
1,103.144.3.181,34.0522,-118.2437
1,103.138.189.107,22.5626,88.3630
1,103.123.25.80,-8.2628,115.0313
1,103.112.206.34,23.7121,90.4598
1,103.110.236.4,11.3428,77.7274
1,102.164.61.175,-26.2023,28.0436
1,102.130.114.226,-26.2023,28.0436
1,101.99.20.59,21.0245,105.8412
1,101.78.129.11,22.2783,114.1747
1,101.43.21.189,31.2222,121.4581
1,101.43.146.238,31.2222,121.4581
1,101.36.178.48,39.9075,116.3972
1,101.36.151.78,39.9075,116.3972
1,101.36.108.101,22.2783,114.1747
1,101.35.55.139,31.2222,121.4581
1,101.34.74.188,39.9075,116.3972
1,101.33.60.83,19.0728,72.8826
1,101.32.45.135,22.3302,114.1595
1,101.32.35.204,22.3302,114.1595
1,101.32.237.26,19.0728,72.8826
1,101.251.207.228,39.9075,116.3972
1,101.231.146.36,31.2222,121.4581
1,101.190.213.48,-28.8571,153.5874
1,101.108.114.1,13.7540,100.5014
1,1.9.131.3,3.1412,101.6865
1,1.6.2.217,13.0878,80.2785
1,1.34.127.180,24.9600,121.5389
1,1.235.205.79,37.5660,126.9784
1,1.235.192.218,37.5660,126.9784
1,1.224.37.98,37.4565,126.7052
1,1.220.185.149,37.5660,126.9784
1,1.215.9.66,37.5660,126.9784
1,1.163.55.225,24.9937,121.2970
